{"cameraMode":{"drawMode":0,"name":"Shaded","section":"Shading Mode"},"sceneLighting":true,"audioPlay":false,"sceneViewState":{"m_AlwaysRefresh":false,"showFog":true,"showSkybox":true,"showFlares":true,"showImageEffects":true,"showParticleSystems":true,"showVisualEffectGraphs":true,"m_FxEnabled":true},"in2DMode":false,"pivot":{"x":-0.21656468510627747,"y":-0.8857272267341614,"z":-0.13539481163024903},"rotation":{"x":0.02699686586856842,"y":0.001499722944572568,"z":-0.0000419638236053288,"w":0.9996358752250671},"size":6.047702789306641,"orthographic":true}