{"cameraMode":{"drawMode":0,"name":"Shaded","section":"Shading Mode"},"sceneLighting":false,"audioPlay":false,"sceneViewState":{"m_AlwaysRefresh":false,"showFog":true,"showSkybox":false,"showFlares":true,"showImageEffects":true,"showParticleSystems":true,"showVisualEffectGraphs":true,"m_FxEnabled":true},"in2DMode":false,"pivot":{"x":0.03078281879425049,"y":0.10796880722045899,"z":3.129243850708008e-7},"rotation":{"x":0.1164676696062088,"y":0.06698870658874512,"z":-0.007874109782278538,"w":0.9909031391143799},"size":3.526794672012329,"orthographic":true}